target_page,domain,found_service,keyword,keyword_ok/chok
https://www.5xperts.ca/notre-equipe/,5xperts.ca,Not found,notre equipe,chok_keyword
https://www.5xperts.ca/nos-filiales/,5xperts.ca,Not found,nos filiales,chok_keyword
https://www.5xperts.ca/audit-numerique/,5xperts.ca,Not found,audit numerique,chok_keyword
https://www.5xperts.ca/developpement-applications-web/,5xperts.ca,Not found,developpement applications web,chok_keyword
https://www.5xperts.ca/developpement-applications-mobiles/,5xperts.ca,Not found,developpement applications mobiles,chok_keyword
https://www.5xperts.ca/developpement-commerce-en-ligne/,5xperts.ca,Not found,developpement commerce en ligne,chok_keyword
https://www.5xperts.ca/strategie-marketing/,5xperts.ca,Not found,strategie marketing,chok_keyword
https://www.5xperts.ca/site-vitrine-conception-web/,5xperts.ca,Not found,site vitrine conception web,chok_keyword
https://www.5xperts.ca/nos-realisations/,5xperts.ca,Not found,nos realisations,chok_keyword
https://www.5xperts.ca/nous-contacter/,5xperts.ca,Not found,nous contacter,chok_keyword
https://www.5xperts.ca/developpement-applications-mobiles,5xperts.ca,Not found,developpement applications mobiles,chok_keyword
https://www.5xperts.ca/industrie-4-0-limportance-cruciale-de-laudit-numerique-dans-la-transformation-industrielle/,5xperts.ca,Not found,industrie 4 0 limportance cruciale de laudit numerique dans la transformation industrielle,chok_keyword
https://www.5xperts.ca/intelligence-artificielle-2024/,5xperts.ca,Not found,intelligence artificielle 2024,chok_keyword
https://www.5xperts.ca/limportance-des-api-pour-linteroperabilite-des-systemes/,5xperts.ca,Not found,limportance des api pour linteroperabilite des systemes,chok_keyword
https://www.5xperts.ca/nos-realisations,5xperts.ca,Not found,nos realisations,chok_keyword
https://abilis-solutions.com/oms-solutions/,abilis-solutions.com,Not found,oms solutions,chok_keyword
https://abilis-solutions.com/blog-white-papers/,abilis-solutions.com,Not found,blog white papers,chok_keyword
https://activate.co.uk/startup-studio,activate.co.uk,Not found,startup studio,chok_keyword
https://acuity24.com/sage-intacct/,acuity24.com,Not found,sage intacct,chok_keyword
https://acuity24.com/sage-intacct-features/,acuity24.com,Not found,sage intacct features,chok_keyword
https://acuity24.com/sage-50-to-sage-intacct-migration/,acuity24.com,Not found,sage 50 sage intacct migration,chok_keyword
https://acuity24.com/sage-x3/,acuity24.com,Not found,sage x3,chok_keyword
https://acuity24.com/sage-intacct-price-check/,acuity24.com,Not found,sage intacct price check,chok_keyword
https://acuity24.com/resources/finding-the-right-sage-product-key-differences-between-sage-50-sage-200-sage-intacct-and-sage-x3/,acuity24.com,Not found,right sage product key differences between sage 50 sage 200 sage intacct sage x3,chok_keyword
https://acuity24.com/resources/managing-revenue-recognition-schedules-in-sage-intacct/,acuity24.com,Not found,revenue recognition schedules sage intacct,chok_keyword
https://acuity24.com/resources/order-entry-transactions-with-revenue-recognition-in-sage-intacct/,acuity24.com,Not found,order entry transactions revenue recognition sage intacct,chok_keyword
https://acuity24.com/resources/vat-reports-in-sage-intacct/,acuity24.com,Not found,vat reports sage intacct,chok_keyword
https://acuity24.com/resources/setting-up-spend-management-in-sage-intacct/,acuity24.com,Not found,spend management sage intacct,chok_keyword
https://acuity24.com/resources/sage-intacct-projects-overview/,acuity24.com,Not found,sage intacct projects overview,chok_keyword
https://advancetechrecruitment.com/complaints-commitment,advancetechrecruitment.com,Not found,complaints commitment,chok_keyword
https://advancetechrecruitment.com/advancetech-profile,advancetechrecruitment.com,Not found,advancetech profile,chok_keyword
https://advancetechrecruitment.com/rainforest-alliance,advancetechrecruitment.com,Not found,rainforest alliance,chok_keyword
https://advancetechrecruitment.com/permanent-recruitment,advancetechrecruitment.com,Not found,permanent recruitment,chok_keyword
https://advancetechrecruitment.com/freelance-recruitment,advancetechrecruitment.com,Not found,freelance recruitment,chok_keyword
https://advancetechrecruitment.com/executive-search,advancetechrecruitment.com,Not found,executive search,chok_keyword
https://advancetechrecruitment.com/interim%26permanent-service,advancetechrecruitment.com,Not found,interim&permanent service,chok_keyword
https://advancetechrecruitment.com/candidate-services-1,advancetechrecruitment.com,Not found,candidate services 1,chok_keyword
https://advancetechrecruitment.com/interview-advice,advancetechrecruitment.com,Not found,interview advice,chok_keyword
https://advancetechrecruitment.com/testimonials-4,advancetechrecruitment.com,Not found,testimonials 4,chok_keyword
https://advancetechrecruitment.com/testimonials-3,advancetechrecruitment.com,Not found,testimonials 3,chok_keyword
https://advancetechrecruitment.com/testimonials-5,advancetechrecruitment.com,Not found,testimonials 5,chok_keyword
https://www.godaddy.com/websites/website-builder,advancetechrecruitment.com,Not found,website builder,ok_keyword
https://www.cloudflare.com/5xx-error-landing,afrozaar.com,Not found,5xx error landing,chok_keyword
https://www.aiztechlabs.com/project-01,aiztechlabs.com,Not found,project 01,chok_keyword
https://www.aiztechlabs.com/project-03,aiztechlabs.com,Not found,project 03,chok_keyword
https://www.aiztechlabs.com/project-02,aiztechlabs.com,Not found,project 02,chok_keyword
https://www.aiztechlabs.com/projects-3,aiztechlabs.com,Not found,projects 3,chok_keyword
https://www.akustechnologies.com/pages/web-solutions/,akustechnologies.com,Not found,web solutions,chok_keyword
https://www.akustechnologies.com/british-columbia/,akustechnologies.com,Not found,british columbia,chok_keyword
https://www.akustechnologies.com/nova-scotia/,akustechnologies.com,Not found,nova scotia,chok_keyword
https://algotests.com/client-solutions,algotests.com,Not found,client solutions,chok_keyword
https://algotests.com/testing-constraints,algotests.com,Not found,testing constraints,chok_keyword
https://algotests.com/bio-1,algotests.com,Not found,bio 1,chok_keyword
https://www.amadis.ca/en/global-merchants,amadis.ca,Not found,global merchants,chok_keyword
https://www.amadis.ca/en/attended-unattended-poi,amadis.ca,Not found,attended unattended poi,chok_keyword
https://www.amadis.ca/en/honeywell-mobile-payment-solution-helps-merchants-meet-customer-needs-anywhere-anytime,amadis.ca,Not found,honeywell mobile payment solution merchants meet customer anywhere anytime,chok_keyword
https://www.amadis.ca/en/amadis-marketing,amadis.ca,Not found,amadis marketing,chok_keyword
https://www.amadis.ca/en/amadis-and-groupe-bpce-s-payplug-deploy-worldwide-first,amadis.ca,Not found,amadis groupe bpce s payplug deploy worldwide first,chok_keyword
https://aphidconsulting.ca/helpdesk/odoo-support-1,aphidconsulting.ca,Not found,odoo support 1,chok_keyword
https://arbadevelopmentstudios.com/skill-set-main-page,arbadevelopmentstudios.com,Not found,skill main page,chok_keyword
https://www.facebook.com/ArBa-Development-Studios-110689477309726,arbadevelopmentstudios.com,Not found,ArBa Development Studios 110689477309726,chok_keyword
https://www.auhtech.com/it-support-services,auhtech.com,Not found,support services,chok_keyword
https://www.auhtech.com/service-level-agreements,auhtech.com,Not found,service level agreements,chok_keyword
https://www.auhtech.com/hardware-maintenance,auhtech.com,Not found,hardware maintenance,chok_keyword
https://www.auhtech.com/web-development.html,auhtech.com,Not found,web development.html,chok_keyword
https://axisolutionsgroup.com/candidate-experience/,axisolutionsgroup.com,Not found,candidate experience,chok_keyword
https://axisolutionsgroup.com/client-testimonials/,axisolutionsgroup.com,Not found,client testimonials,chok_keyword
https://axisolutionsgroup.com/client-testimonials,axisolutionsgroup.com,Not found,client testimonials,chok_keyword
https://axyya.com/recruiting-services/,axyya.com,Not found,recruiting services,chok_keyword
https://axyya.com/consulting-services/,axyya.com,Not found,consulting services,chok_keyword
https://www.godaddy.com/websites/website-builder,azure-1.com,Not found,website builder,ok_keyword
https://bankshire.com/web-solutions/,bankshire.com,Not found,web solutions,chok_keyword
https://bankshire.com/media-and-public-relations/,bankshire.com,Not found,media public relations,chok_keyword
https://bankshire.com/brand-representative/,bankshire.com,Not found,brand representative,chok_keyword
https://bankshire.com/media-and-public-relations-2/,bankshire.com,Not found,media public relations 2,chok_keyword
https://bevertec.com/pages/mississauga-it-professional-recruiter,bevertec.com,Not found,mississauga professional recruiter,chok_keyword
https://bevertec.com/pages/solutions/staffing-solutions,bevertec.com,Found,staffing solutions,chok_keyword
https://bevertec.com/pages/solutions/staffing-solutions/professional-it-staffing-services-mississauga,bevertec.com,Found,professional staffing services mississauga,chok_keyword
https://bevertec.com/pages/solutions/staffing-solutions/permanent-it-staffing-solutions-mississauga,bevertec.com,Found,permanent staffing solutions mississauga,chok_keyword
https://bevertec.com/pages/solutions/staffing-solutions/contract-it-staffing-services-mississauga,bevertec.com,Found,contract staffing services mississauga,chok_keyword
https://bevertec.com/pages/solutions/staffing-solutions/complete-it-solutions-mississauga,bevertec.com,Found,complete solutions mississauga,chok_keyword
https://bevertec.com/pages/solutions/software-solutions,bevertec.com,Found,software solutions,chok_keyword
https://bevertec.com/pages/solutions/software-solutions/alert-management-solutions,bevertec.com,Found,alert management solutions,chok_keyword
https://bevertec.com/pages/solutions/software-solutions/alpha-banking-solutions,bevertec.com,Found,alpha banking solutions,chok_keyword
https://bevertec.com/pages/solutions/software-solutions/collection-management-solutions,bevertec.com,Found,collection management solutions,chok_keyword
https://bevertec.com/pages/solutions/software-solutions/comprehensive-card-solutions,bevertec.com,Found,comprehensive card solutions,chok_keyword
https://bevertec.com/pages/solutions/software-solutions/financial-transaction-solutions,bevertec.com,Found,financial transaction solutions,chok_keyword
https://bevertec.com/pages/solutions/software-solutions/fraud-prevention-solution,bevertec.com,Found,fraud prevention solution,chok_keyword
https://bevertec.com/%20/pages/2024-salary-guides%20,bevertec.com,Not found,2024 salary guides,chok_keyword
https://bevertec.com/pages/2024-salary-guides/it-salary-guide,bevertec.com,Not found,salary guide,chok_keyword
https://bevertec.com/pages/2024-salary-guides/accounting-finance-salary-guide,bevertec.com,Not found,accounting finance salary guide,chok_keyword
https://bevertec.com/pages/2024-salary-guides/bilingual-salary-guide,bevertec.com,Not found,bilingual salary guide,chok_keyword
https://bevertec.com/blogs/mississauga-it-recruiter-blog,bevertec.com,Not found,mississauga recruiter blog,chok_keyword
https://bevertec.com/blogs/ops-blogs,bevertec.com,Not found,ops blogs,chok_keyword
https://bevertec.com/pages/submit-your-resume,bevertec.com,Not found,submit resume,chok_keyword
https://bevertec.com/pages/toronto-professional-staffing-software-solutions-organization,bevertec.com,Not found,toronto professional staffing software solutions organization,chok_keyword
https://bevertec.com/pages/2024-salary-guides,bevertec.com,Not found,2024 salary guides,chok_keyword
https://blinx.technology/meet-the-team,blinx.technology,Not found,meet team,chok_keyword
https://bloomingtongroup.net/category/sustainability-software/,bloomingtongroup.net,Not found,sustainability software,chok_keyword
https://bloomingtongroup.net/category/environmental-intelligence/,bloomingtongroup.net,Not found,environmental intelligence,chok_keyword
https://bloomingtongroup.net/category/ibm-food-trust-track-trace/,bloomingtongroup.net,Not found,ibm food trust track trace,chok_keyword
https://boschautomotiveservicesolutions.com/bosch-grade-x-suite,boschautomotiveservicesolutions.com,Not found,bosch grade x suite,chok_keyword
https://boschautomotiveservicesolutions.com/activeschematics-automatically-rendered-wiring-diagrams,boschautomotiveservicesolutions.com,Not found,activeschematics automatically rendered wiring diagrams,chok_keyword
https://boschautomotiveservicesolutions.com/technical-information,boschautomotiveservicesolutions.com,Not found,technical information,chok_keyword
https://boschautomotiveservicesolutions.com/engineering-analysis-associates,boschautomotiveservicesolutions.com,Not found,engineering analysis associates,chok_keyword
https://boschautomotiveservicesolutions.com/bosch-automotive-service-solutions,boschautomotiveservicesolutions.com,Not found,bosch automotive service solutions,chok_keyword
https://boschautomotiveservicesolutions.com/additional-brands-bosch-automotive-service-solutions,boschautomotiveservicesolutions.com,Not found,additional brands bosch automotive service solutions,chok_keyword
https://boschautomotiveservicesolutions.com/vci-solutions-oems,boschautomotiveservicesolutions.com,Not found,vci solutions oems,chok_keyword
https://boschautomotiveservicesolutions.com/special-service-tools,boschautomotiveservicesolutions.com,Not found,special service tools,chok_keyword
https://boschautomotiveservicesolutions.com/inventory-management-workshop-future,boschautomotiveservicesolutions.com,Not found,inventory management workshop future,chok_keyword
https://boschautomotiveservicesolutions.com/workshop-equipment,boschautomotiveservicesolutions.com,Not found,workshop equipment,chok_keyword
https://www.boschautomotiveservicesolutions.com/vci-downloads-diagnostics,boschautomotiveservicesolutions.com,Not found,vci downloads diagnostics,chok_keyword
https://www.boschautomotiveservicesolutions.com/technical-information,boschautomotiveservicesolutions.com,Not found,technical information,chok_keyword
https://boschautomotiveservicesolutions.com/bosch-vci-firmware-download,boschautomotiveservicesolutions.com,Not found,bosch vci firmware download,chok_keyword
https://boschautomotiveservicesolutions.com/significant-faster-repair-easier-identification-error-pattern,boschautomotiveservicesolutions.com,Not found,significant faster repair easier identification error pattern,chok_keyword
https://boschautomotiveservicesolutions.com/data-protection-notice,boschautomotiveservicesolutions.com,Not found,data protection notice,chok_keyword
https://boschautomotiveservicesolutions.com/statement-ada-compliance,boschautomotiveservicesolutions.com,Not found,statement ada compliance,chok_keyword
https://bowmantec.com/aceleracion-y-optimizacion,bowmantec.com,Not found,aceleracion y optimizacion,chok_keyword
https://bowmantec.com/monitoreo-de-aplicaciones-y-redes,bowmantec.com,Not found,monitoreo de aplicaciones y redes,chok_keyword
https://bowmantec.com/observabilidad-profunda-de-monitoreo-analisis-y-seguridad,bowmantec.com,Not found,observabilidad profunda de monitoreo analisis y seguridad,chok_keyword
https://bowmantec.com/monitoreo-de-apps-y-sitios-web-transaccionales,bowmantec.com,Not found,monitoreo de apps y sitios web transaccionales,chok_keyword
https://bowmantec.com/continuidad-del-negocio-recuperacion-de-datos-y-proteccion-saas,bowmantec.com,Not found,continuidad del negocio recuperacion de datos y proteccion saas,chok_keyword
https://bowmantec.com/fortaleza-365,bowmantec.com,Not found,fortaleza 365,chok_keyword
https://bowmantec.com/phoenix-shield,bowmantec.com,Not found,phoenix shield,chok_keyword
https://bowmantec.com/desarrollo-de-software-seguro-con-veracode,bowmantec.com,Not found,desarrollo de software seguro con veracode,chok_keyword
https://bowmantec.com/atentus-monitoreo-de-apps-y-sitios-web-transaccionales,bowmantec.com,Not found,atentus monitoreo de apps y sitios web transaccionales,chok_keyword
https://bowmantec.com/aviso-de-privacidad,bowmantec.com,Not found,aviso de privacidad,chok_keyword
https://brainsii.com/chairmans-note,brainsii.com,Not found,chairmans note,chok_keyword
https://calyx-solutions.com/currency-exchange-software,calyx-solutions.com,Not found,currency exchange software,chok_keyword
https://calyx-solutions.com/bank-account,calyx-solutions.com,Not found,bank account,chok_keyword
https://calyx-solutions.com/responsive-website-design-london,calyx-solutions.com,Not found,responsive website design london,chok_keyword
https://cdware.com/en/fleetsphere-concrete/,cdware.com,Not found,fleetsphere concrete,chok_keyword
https://cdware.com/en/concrete-dispatch-software/,cdware.com,Not found,concrete dispatch software,chok_keyword
https://cdware.com/en/concrete-management-software/,cdware.com,Not found,concrete management software,chok_keyword
https://cdware.com/fleetsphere-concrete/,cdware.com,Not found,fleetsphere concrete,chok_keyword
https://cedrom-sni.com/investor-relations/,cedrom-sni.com,Not found,investor relations,chok_keyword
https://cedrom-sni.com/resources/white-papers/2023-state-of-the-media,cedrom-sni.com,Not found,2023 state media,chok_keyword
https://cedrom-sni.com/research-intelligence/,cedrom-sni.com,Not found,research intelligence,chok_keyword
https://cedrom-sni.com/monitoring-analytics/,cedrom-sni.com,Not found,monitoring analytics,chok_keyword
https://cedrom-sni.com/client-login/,cedrom-sni.com,Not found,client login,chok_keyword
https://cedrom-sni.com/resources/tip-sheets/,cedrom-sni.com,Not found,tip sheets,chok_keyword
https://cedrom-sni.com/resources/target-influencers/,cedrom-sni.com,Not found,target influencers,chok_keyword
https://cedrom-sni.com/editor.html/content/cision-us/us/en/1-877-269-3367.html,cedrom-sni.com,Not found,1 877 269 3367.html,chok_keyword
https://cedrom-sni.com/resources/white-papers/,cedrom-sni.com,Not found,white papers,chok_keyword
https://cintrapayroll.co.uk/whats-the-difference-between-a-payroll-bureau-and-a-fully-outsourced-payroll-provider/,cintrapayroll.co.uk,Not found,whats difference between payroll bureau fully outsourced payroll provider,chok_keyword
https://cintrapayroll.co.uk/why-choose-cintra-payroll-services-,cintrapayroll.co.uk,Not found,choose cintra payroll services,chok_keyword
https://cintrapayroll.co.uk/benefits-of-outsourcing,cintrapayroll.co.uk,Not found,benefits outsourcing,chok_keyword
https://cintrapayroll.co.uk/national-living-wage-national-minimum-wage-rates/,cintrapayroll.co.uk,Not found,national living wage national minimum wage rates,chok_keyword
https://cintrapayroll.co.uk/employment-status-and-ir35/,cintrapayroll.co.uk,Not found,employment status ir35,chok_keyword
https://cintrapayroll.co.uk/payroll-world-awards-best-payroll-provider/,cintrapayroll.co.uk,Not found,payroll world awards payroll provider,chok_keyword
https://compassplustechnologies.com/solutions/issuing-solutions/,compassplustechnologies.com,Found,issuing solutions,chok_keyword
https://compassplustechnologies.com/solutions/acquiring-solutions.html,compassplustechnologies.com,Found,acquiring solutions.html,chok_keyword
https://compassplustechnologies.com/solutions/digital-solutions/,compassplustechnologies.com,Found,digital solutions,chok_keyword
https://compassplustechnologies.com/solutions/atm-management.html,compassplustechnologies.com,Found,atm management.html,chok_keyword
https://compassplustechnologies.com/processing-services/,compassplustechnologies.com,Not found,processing services,chok_keyword
https://compassplustechnologies.com/insights/viewpoints/article/2024/the-payment-modernisation-conundrum.html,compassplustechnologies.com,Not found,payment modernisation conundrum.html,chok_keyword
https://compassplustechnologies.com/insights/viewpoints/blog/2024/card-linked-bnpl.html,compassplustechnologies.com,Not found,card linked bnpl.html,chok_keyword
https://compassplustechnologies.com/insights/viewpoints/blog/2024/will-pix-replace-cards-in-brazil.html,compassplustechnologies.com,Not found,will pix replace cards brazil.html,chok_keyword
https://compassplustechnologies.com/processing-services/card-scheme-gateway-service.html,compassplustechnologies.com,Not found,card scheme gateway service.html,chok_keyword
https://compassplustechnologies.com/processing-services/issuing-services.html,compassplustechnologies.com,Not found,issuing services.html,chok_keyword
https://compassplustechnologies.com/processing-services/merchant-acquiring-services.html,compassplustechnologies.com,Not found,merchant acquiring services.html,chok_keyword
https://compassplustechnologies.com/processing-services/atm-acquiring-service.html,compassplustechnologies.com,Not found,atm acquiring service.html,chok_keyword
https://compassplustechnologies.com/processing-services/3ds-acs-service.html,compassplustechnologies.com,Not found,3ds acs service.html,chok_keyword
https://compassplustechnologies.com/solutions/digital-solutions/mobicash-payments.html,compassplustechnologies.com,Found,mobicash payments.html,chok_keyword
https://compassplustechnologies.com/solutions/digital-solutions/pocket-bank/,compassplustechnologies.com,Found,pocket bank,chok_keyword
https://compassplustechnologies.com/insights/the-payments-podbyte/,compassplustechnologies.com,Not found,payments podbyte,chok_keyword
https://www.compusult.com/corporate-profile,compusult.com,Not found,corporate profile,chok_keyword
https://www.compusult.com/assistive-technology-solutions,compusult.com,Not found,assistive technology solutions,chok_keyword
https://www.compusult.com/asset-item-tracking-solutions,compusult.com,Not found,asset item tracking solutions,chok_keyword
https://www.compusult.com/robotics-ugv-solutions,compusult.com,Not found,robotics ugv solutions,chok_keyword
https://compusult.com/geospatial-solutions,compusult.com,Not found,geospatial solutions,chok_keyword
https://compusult.com/assistive-technology-solutions,compusult.com,Not found,assistive technology solutions,chok_keyword
https://compusult.com/asset-item-tracking-solutions,compusult.com,Not found,asset item tracking solutions,chok_keyword
https://compusult.com/robotics-ugv-solutions,compusult.com,Not found,robotics ugv solutions,chok_keyword
https://www.computechhome.com/reseautique-s%C3%A9curit%C3%A9,computechhome.com,Not found,reseautique sécurité,chok_keyword
https://www.computechhome.com/maintenance-informatique,computechhome.com,Not found,maintenance informatique,chok_keyword
https://www.computechhome.com/solutions-informatique,computechhome.com,Not found,solutions informatique,chok_keyword
https://www.computechhome.com/reseautique-wifi,computechhome.com,Not found,reseautique wifi,chok_keyword
https://www.computechhome.com/installation-camera-videosurveillance,computechhome.com,Not found,installation camera videosurveillance,chok_keyword
https://www.computechhome.com/telephonie-voip,computechhome.com,Not found,telephonie voip,chok_keyword
https://www.computechhome.com/conditions-utilisation,computechhome.com,Not found,conditions utilisation,chok_keyword
https://convergenttechnology.com/how-we-help/finding-right-products,convergenttechnology.com,Not found,right products,chok_keyword
https://convergenttechnology.com/how-we-help/getting-you-cloud,convergenttechnology.com,Not found,getting cloud,chok_keyword
https://www.cortexgh.com/rendez-vous/,cortexgh.com,Not found,rendez vous,chok_keyword
https://www.cortexgh.com/politique-de-confidentialite/,cortexgh.com,Not found,politique de confidentialite,chok_keyword
https://corumdigital.com/corum-view/,corumdigital.com,Not found,corum view,chok_keyword
https://corumdigital.com/systems-interactive/,corumdigital.com,Not found,systems interactive,chok_keyword
https://credera.com/cookie-notice,credera.com,Not found,cookie notice,chok_keyword
https://cubestech.net/software-development-companies.php,cubestech.net,Not found,software development companies.php,chok_keyword
https://cubestech.net/cloud-computing-service-providers-companies.php,cubestech.net,Not found,cloud computing service providers companies.php,chok_keyword
https://cubestech.net/devops-consulting-companies.php,cubestech.net,Not found,devops consulting companies.php,chok_keyword
https://cubestech.net/quality-assurance-in-software-development.php,cubestech.net,Not found,quality assurance software development.php,chok_keyword
https://cubestech.net/it-staffing-solutions.php,cubestech.net,Not found,staffing solutions.php,chok_keyword
https://cubestech.net/web-development-service-providers.php,cubestech.net,Not found,web development service providers.php,chok_keyword
https://cubestech.net/digital-marketing-service.php,cubestech.net,Not found,digital marketing service.php,chok_keyword
https://cubestech.net/it-networking-services.php,cubestech.net,Not found,networking services.php,chok_keyword
https://cubestech.net/mobile-app-development-company-in-chennai.php,cubestech.net,Not found,mobile app development company chennai.php,chok_keyword
https://cubestech.net/computerised-maintenance-management-system.php,cubestech.net,Not found,computerised maintenance management system.php,chok_keyword
https://cubestech.net/online-delivery-app-development-companies.php,cubestech.net,Not found,online delivery app development companies.php,chok_keyword
https://cubestech.net/android-ios-game-development-companies.php,cubestech.net,Not found,android ios game development companies.php,chok_keyword
https://cubestech.net/hospital-management-software.php,cubestech.net,Not found,hospital management software.php,chok_keyword
https://cx.technology/telemed-technology.html,cx.technology,Not found,telemed technology.html,chok_keyword
https://cx.technology/fresh-scanner.html,cx.technology,Not found,fresh scanner.html,chok_keyword
https://dbconsulting.co.uk/true-agile,dbconsulting.co.uk,Not found,true agile,chok_keyword
https://dbconsulting.co.uk/complete-platform,dbconsulting.co.uk,Not found,complete platform,chok_keyword
https://dbconsulting.co.uk/crm-customer-portal,dbconsulting.co.uk,Not found,crm customer portal,chok_keyword
https://dbconsulting.co.uk/responsive-repairs,dbconsulting.co.uk,Not found,responsive repairs,chok_keyword
https://dbconsulting.co.uk/rents-service-charges,dbconsulting.co.uk,Not found,rents service charges,chok_keyword
https://dbconsulting.co.uk/arrears-management,dbconsulting.co.uk,Not found,arrears management,chok_keyword
https://dbconsulting.co.uk/asset-management,dbconsulting.co.uk,Not found,asset management,ok_keyword
https://dbconsulting.co.uk/anti-social-behaviour,dbconsulting.co.uk,Not found,social behaviour,chok_keyword
https://www.dbsmps.com/hp-printers/,dbsmps.com,Not found,hp printers,chok_keyword
https://www.dbsmps.com/konica-minolta-printers/,dbsmps.com,Not found,konica minolta printers,chok_keyword
https://www.dbsmps.com/xerox-printers/,dbsmps.com,Not found,xerox printers,chok_keyword
https://www.dbsmps.com/managed-print-services/,dbsmps.com,Not found,print services,chok_keyword
https://www.dbsmps.com/professional-services/,dbsmps.com,Not found,professional services,chok_keyword
https://dbsmps.com/hp-printers,dbsmps.com,Not found,hp printers,chok_keyword
https://dbsmps.com/konica-minolta-printers,dbsmps.com,Not found,konica minolta printers,chok_keyword
https://dbsmps.com/xerox-printers,dbsmps.com,Not found,xerox printers,chok_keyword
https://dbsmps.com/managed-print-services,dbsmps.com,Not found,print services,chok_keyword
https://www.dbsmps.com/hp-managed-print-services-markham/,dbsmps.com,Not found,hp print services markham,chok_keyword
https://dempton.com/expertise/developpement-et-integration,dempton.com,Not found,developpement et integration,chok_keyword
https://dempton.com/expertise/intelligence-daffaires-et-donnees-analytiques,dempton.com,Not found,intelligence daffaires et donnees analytiques,chok_keyword
https://dempton.com/expertise/infonuagique-et-cybersecurite,dempton.com,Not found,infonuagique et cybersecurite,chok_keyword
https://dempton.com/expertise/gestion-de-projets-affaires-et-ti,dempton.com,Not found,gestion de projets affaires et ti,chok_keyword
https://dempton.com/politique-de-confidentialite/,dempton.com,Not found,politique de confidentialite,chok_keyword
https://digi2al.com/meet-the-team,digi2al.com,Not found,meet team,chok_keyword
https://digi2al.com/social-value,digi2al.com,Not found,social value,chok_keyword
https://digi2al.com/modern-slavery,digi2al.com,Not found,modern slavery,chok_keyword
https://digi2al.com/carbon-reduction-plan,digi2al.com,Not found,carbon reduction plan,chok_keyword
https://digilytics.ai/Solutions/business-finance,digilytics.ai,Not found,business finance,chok_keyword
https://digilytics.ai/Solutions/motor-finance,digilytics.ai,Not found,motor finance,chok_keyword
https://digilytics.ai/RevEL/Documents/Digilytics%20RevEL.pdf,digilytics.ai,Not found,Digilytics RevEL.pdf,chok_keyword
https://digilytics.ai/knowledge-center,digilytics.ai,Not found,knowledge center,chok_keyword
https://digilytics.ai/RevEL/Blog-technology-revolutionizing-sme-lending,digilytics.ai,Not found,Blog technology revolutionizing sme lending,chok_keyword
https://digilytics.ai/RevEL/Blog-revolutionizing-mortgage-document-processing-digilytics,digilytics.ai,Not found,Blog revolutionizing mortgage document processing digilytics,chok_keyword
https://digilytics.ai/RevEL/Blog-AI-in-affordability,digilytics.ai,Not found,Blog AI affordability,chok_keyword
https://digilytics.ai/RevEL/Blog-Intelligent-Affordability,digilytics.ai,Not found,Blog Intelligent Affordability,chok_keyword
https://digilytics.ai/RevEL/Blog-Empowering-Building-Societies,digilytics.ai,Not found,Blog Empowering Building Societies,chok_keyword
https://digilytics.ai/Blog-mortgage-lending-process,digilytics.ai,Not found,Blog mortgage lending process,chok_keyword
https://digilytics.ai/RevEL/Blog-the-ask-from-a-new-age-lender,digilytics.ai,Not found,Blog age lender,chok_keyword
https://digilytics.ai/RevEL/Blog-importance-of-speed-for-lenders,digilytics.ai,Not found,Blog importance speed lenders,chok_keyword
https://digilytics.ai/RevEL/Blog-importance-of-open-banking-for-lenders,digilytics.ai,Not found,Blog importance open banking lenders,chok_keyword
https://digilytics.ai/RevEL/Blog-RevEL-importance-of-pack-quality-in-UK,digilytics.ai,Not found,Blog RevEL importance pack quality UK,chok_keyword
https://digilytics.ai/RevEL/Blog-accelerate-time-to-offer-in-specialist-lending,digilytics.ai,Not found,Blog accelerate time offer specialist lending,chok_keyword
https://digilytics.ai/RevEL/Blog-income-verification-in-mortgage,digilytics.ai,Not found,Blog income verification mortgage,chok_keyword
https://digilytics.ai/RevEL/Blog-why-mortgages-should-invest-in-AI,digilytics.ai,Not found,Blog mortgages invest AI,chok_keyword
https://digilytics.ai/RevEL/Blog-extraction-in-mortgage-documents,digilytics.ai,Not found,Blog extraction mortgage documents,chok_keyword
https://digilytics.ai/RevEL/Blog-digilytics-top30-machine-learning-startup,digilytics.ai,Not found,Blog digilytics top30 machine learning startup,chok_keyword
https://digilytics.ai/RevEL/Blog-winner-financial-awards,digilytics.ai,Not found,Blog winner financial awards,chok_keyword
https://digilytics.ai/RevEL/Blog-awards,digilytics.ai,Not found,Blog awards,chok_keyword
https://www.emenacsoft.com/seo-pricing/,emenacsoft.com,Not found,seo pricing,chok_keyword
https://www.emenacsoft.com/price-calculator/,emenacsoft.com,Not found,price calculator,chok_keyword
https://erience.co/solutions/web-solutions.html,erience.co,Found,web solutions.html,chok_keyword
https://erience.co/solutions/blockchain-solutions.html,erience.co,Found,blockchain solutions.html,chok_keyword
https://erience.co/solutions/ai-solutions.html,erience.co,Found,ai solutions.html,chok_keyword
https://erience.co/products/niche-job-board.html,erience.co,Found,niche job board.html,chok_keyword
https://erience.co/products/structured-digital-database.html,erience.co,Found,structured digital database.html,chok_keyword
https://erience.co/why-offshore-team.html,erience.co,Not found,offshore team.html,chok_keyword
https://www.erptoren.co.uk/sap-project/,erptoren.co.uk,Not found,sap project,chok_keyword
https://www.etcweb.com/et-grow,etcweb.com,Not found,et grow,chok_keyword
https://www.etcweb.com/et-fusion,etcweb.com,Not found,et fusion,chok_keyword
https://etcweb.com/et-grow,etcweb.com,Not found,et grow,chok_keyword
https://etcweb.com/et-fusion,etcweb.com,Not found,et fusion,chok_keyword
https://eurodatasystems.com/sample-page/,eurodatasystems.com,Not found,sample page,chok_keyword
https://eurodatasystems.com/2024/10/15/hello-world/,eurodatasystems.com,Not found,hello world,chok_keyword
